{"cameraMode":{"drawMode":0,"name":"Shaded","section":"Shading Mode"},"sceneLighting":true,"audioPlay":false,"sceneViewState":{"m_AlwaysRefresh":false,"showFog":true,"showSkybox":true,"showFlares":true,"showImageEffects":true,"showParticleSystems":true,"showVisualEffectGraphs":true,"m_FxEnabled":true},"in2DMode":false,"pivot":{"x":24.389108657836915,"y":-17.34959602355957,"z":-0.43582630157470705},"rotation":{"x":-0.22428809106349946,"y":-0.6938932538032532,"z":0.24407169222831727,"w":-0.6395021677017212},"size":14.949999809265137,"orthographic":false}